Nama rekening;Rekening Uji
Nomor rekening;00005678
Mata uang;IDR
Tanggal;Keterangan;Debet;Kredit;Referensi
01 Oktober 2026;QRIS KOPI KENANGAN;25.000,00;0;SYN-ID-001
01 Oktober 2026;QRIS JANJI JIWA;28.000,50;0;SYN-ID-002
01 Oktober 2026;SAYURBOX;150.000,00;0;SYN-ID-003
01 Oktober 2026;ALFAMIDI;32.500,00;0;SYN-ID-004
01 Oktober 2026;BIZNET HOME;350.000,00;0;SYN-ID-005
01 Oktober 2026;TIX ID;55.000,00;0;SYN-ID-006
01 Oktober 2026;KCIC WHOOSH;200.000,00;0;SYN-ID-007
02 Oktober 2026;REFUND KOPI KENANGAN;0;25.000,00;SYN-ID-008
